metric_id,active,metric_name,type,default_value,private,preset_values_csv,min_value,max_value,disallowed_values,streak_seed,group,group_order,metric_order,is_calculated,calc_expr,required,start_date,show_ma,ma_periods_csv
daily_score,TRUE,Daily Score,number,,FALSE,"5, 6, 8",0,10,7,,Daily,1,1,FALSE,,TRUE,2021-09-11,TRUE,"7, 30, 90, 365"
daily_notes,TRUE,Daily Notes,text,,TRUE,,,,,,Daily,1,2,FALSE,,TRUE,2021-09-11,FALSE,
sleep_score,TRUE,Sleep Score,number,,FALSE,"5, 6, 8",0,10,7,,Daily,1,3,FALSE,,FALSE,2021-09-11,TRUE,"7, 30, 90, 365"
morning_energy_levels,TRUE,Morning Energy Levels,number,,FALSE,"4, 5",0,10,7,,Daily,1,4,FALSE,,FALSE,2021-09-11,TRUE,"7, 30, 90, 365"
early_wakeup,TRUE,Early Wakeup,checkbox,TRUE,FALSE,,,,,,Daily,1,5,FALSE,,FALSE,2021-09-11,TRUE,"7, 30, 90, 365"
meditate,TRUE,Meditate,checkbox,,FALSE,,,,,,Daily,1,6,FALSE,,FALSE,2021-09-11,FALSE,
read,TRUE,Read,checkbox,TRUE,FALSE,,,,,184,Daily,1,7,FALSE,,FALSE,2021-09-11,FALSE,
lifting,TRUE,Lifting,checkbox,,FALSE,,,,,,Daily,1,8,FALSE,,FALSE,2021-09-11,TRUE,"7, 30, 90, 365"
hiit,TRUE,HIIT,checkbox,,FALSE,,,,,,Daily,1,9,FALSE,,FALSE,2024-04-05,TRUE,"7, 30, 90, 365"
tennis,TRUE,Tennis,checkbox,,FALSE,,,,,,Daily,1,10,FALSE,,FALSE,2021-09-11,TRUE,"7, 30, 90, 365"
other_exercise,TRUE,Other Exercise,checkbox,,FALSE,,,,,,Daily,1,11,FALSE,,FALSE,2021-09-11,TRUE,"7, 30, 90, 365"
exercise_today,TRUE,Exercise Today,checkbox,,FALSE,,,,,,Daily,1,12,TRUE,"or(lifting, hiit, tennis, other_exercise)",FALSE,2021-09-11,TRUE,"7, 30, 90, 365"
weight,TRUE,Weight,number,,FALSE,,,,,,Health,2,1,FALSE,,FALSE,2021-09-11,TRUE,"7, 30, 90, 365"
bodyfat,TRUE,Bodyfat,number,,FALSE,,,,,,Health,2,2,FALSE,,FALSE,2021-09-11,TRUE,"7, 30, 90, 365"
sex,TRUE,Sex,number,,TRUE,,0,,,,Relationship,3,1,FALSE,,FALSE,2021-09-11,TRUE,"7, 30, 90, 365"
jo,TRUE,Jo,number,,TRUE,,0,,,,Relationship,3,2,FALSE,,FALSE,2021-09-11,TRUE,"7, 30, 90, 365"
marriage_score,TRUE,Marriage Score,number,,TRUE,6,0,10,7,,Relationship,3,3,FALSE,,FALSE,2023-06-12,TRUE,"7, 30, 90, 365"
injury,TRUE,Injury,number,,FALSE,,0,,,,Health,2,3,FALSE,,FALSE,2022-07-01,FALSE,
injury_note,TRUE,Injury Note,text,,FALSE,,,,,,Health,2,4,FALSE,,FALSE,2022-07-01,FALSE,
sick,TRUE,Sick,checkbox,,FALSE,,,,,,Health,2,5,FALSE,,FALSE,2022-04-05,FALSE,
mouth_sores,TRUE,Mouth Sores,checkbox,,FALSE,,,,,,Health,2,6,FALSE,,FALSE,2022-12-12,FALSE,
nose_sores,TRUE,Nose Sores,checkbox,,FALSE,,,,,,Health,2,7,FALSE,,FALSE,2022-04-12,FALSE,
poops,TRUE,Poops,number,1,TRUE,"1,2,3",,,,,Daily,1,13,FALSE,,FALSE,2022-06-16,TRUE,"7, 30, 90, 365"
ate_clean,TRUE,Ate Clean,checkbox,TRUE,FALSE,,,,,,Daily,1,14,FALSE,,FALSE,2023-03-26,TRUE,"7, 30, 90, 365"
alcohol,TRUE,Alcohol,number,,FALSE,,,,,,Daily,1,15,FALSE,,FALSE,2023-03-26,FALSE,
wake_up,TRUE,Wake Up,hhmm,4:30,FALSE,"4:30, 5:30",,,,,Daily,1,16,FALSE,,FALSE,2022-08-25,TRUE,"7, 30, 90, 365"
lazy_time,TRUE,Lazy Time,time,,FALSE,"0, 3",,,,,Daily,1,17,FALSE,,FALSE,2023-01-02,TRUE,"7, 30, 90, 365"
eat_start,TRUE,Eat Start,hhmm,,FALSE,6:30,,,,,Daily,1,18,FALSE,,FALSE,2022-06-02,TRUE,
eat_finish,TRUE,Eat Finish,hhmm,,FALSE,,,,,,Daily,1,19,FALSE,,FALSE,2022-06-02,TRUE,
eating_window,TRUE,Eating Window,hhmm,,FALSE,,,,,,Daily,1,20,TRUE,"diff(eat_finish, eat_start)",FALSE,2022-06-02,TRUE,"7, 30, 90, 365"
fasting_window,TRUE,Fasting Window,hhmm,,FALSE,,,,,,Daily,1,21,TRUE,"diff(eat_start, prev(eat_finish))",FALSE,2022-06-02,TRUE,"7, 30, 90, 365"
sleep_time,TRUE,Sleep Time,hhmm,,FALSE,"21:30, 21:45, 22:00",,,,,Daily,1,22,FALSE,,FALSE,2022-08-24,TRUE,"7, 30, 90, 365"
total_sleep,TRUE,Total Sleep,hhmm,,FALSE,,,,,,Daily,1,23,TRUE,"diff(wake, prev(sleep_time))",TRUE,2022-08-25,TRUE,"7, 30, 90, 365"
quarts_h20,TRUE,Quarts H20,number,4,FALSE,"4, 5",,,,,Health,2,8,FALSE,,FALSE,2022-03-17,TRUE,"7, 30, 90, 365"
stayed_off_reddit,TRUE,Stayed Off Reddit,checkbox,TRUE,FALSE,,,,,,General,4,1,FALSE,,FALSE,2022-02-27,FALSE,
creatine,TRUE,Creatine (g),number,10,FALSE,"5, 10",,,,,Health,2,9,FALSE,,FALSE,2023-05-01,FALSE,
magnesium,TRUE,Magnesium,checkbox,,FALSE,,,,,,Health,2,10,FALSE,,FALSE,2023-09-15,FALSE,
potassium,TRUE,Potassium,number,,FALSE,3,0,,,,Health,2,11,FALSE,,FALSE,2025-03-26,FALSE,
d3+k2,TRUE,D3+K2,number,,FALSE,3,0,,,,Health,2,12,FALSE,,FALSE,2025-03-26,FALSE,
fish_oil,TRUE,Fish Oil,number,,FALSE,3,0,,,,Health,2,13,FALSE,,FALSE,2025-03-26,FALSE,
tongkat_ali,TRUE,Tongkat Ali,number,,FALSE,2,0,,,,Health,2,14,FALSE,,FALSE,2025-03-26,FALSE,
berberine,FALSE,Berberine,number,,FALSE,,0,,,,Health,2,15,FALSE,,FALSE,2025-03-26,FALSE,
nad+,TRUE,Nad+,number,,FALSE,2,0,,,,Health,2,16,FALSE,,FALSE,2025-03-26,FALSE,
sipr_login,TRUE,Sipr Login,checkbox,,FALSE,,,,,,General,4,2,FALSE,,FALSE,,FALSE,
mouth_guard,TRUE,Mouth Guard,checkbox,TRUE,FALSE,,,,,,Health,2,17,FALSE,,FALSE,,FALSE,
chiro,TRUE,Chiro,checkbox,,FALSE,,,,,,Health,2,18,FALSE,,FALSE,2024-08-07,FALSE,
church,TRUE,Church,checkbox,,FALSE,,,,,,General,4,3,FALSE,,FALSE,2025-01-04,FALSE,
contract_accepted,TRUE,Contract Accepted,number,,FALSE,,,,,,General,4,4,FALSE,,FALSE,,FALSE,
contract_dropped,TRUE,Contract Dropped,number,,FALSE,,,,,,General,4,5,FALSE,,FALSE,,FALSE,
cgm,TRUE,CGM,checkbox,,FALSE,,,,,,Health,2,19,FALSE,,FALSE,2023-11-16,FALSE,
oura_ring,TRUE,Oura Ring,checkbox,TRUE,FALSE,,,,,,Health,2,20,FALSE,,FALSE,2025-08-07,FALSE,
cgm_notes,TRUE,Cgm Notes,text,,FALSE,,,,,,Health,2,21,FALSE,,FALSE,,FALSE,
stretching,TRUE,Stretching,checkbox,,FALSE,,,,,,Health,2,22,FALSE,,FALSE,2023-08-03,FALSE,
cold_water,TRUE,Cold Water,checkbox,,FALSE,,,,,,Health,2,23,FALSE,,FALSE,2023-08-04,FALSE,
allergy_meds,TRUE,Allergy Meds,checkbox,,FALSE,,,,,,Health,2,24,FALSE,,FALSE,2023-02-22,FALSE,
vp,TRUE,Vp,checkbox,,TRUE,,,,,,Relationship,3,4,FALSE,,FALSE,2024-10-21,FALSE,
poison_ivey,TRUE,Poison Ivey,checkbox,,FALSE,,,,,,General,4,6,FALSE,,FALSE,2024-06-15,FALSE,
shower,TRUE,Shower,checkbox,,TRUE,,,,,,General,4,7,FALSE,,FALSE,2021-11-30,TRUE,"7, 30, 90, 365"
wash_hair,TRUE,Wash Hair,checkbox,,TRUE,,,,,,General,4,8,FALSE,,FALSE,2022-01-01,FALSE,
didn't_get_up_to_pee,TRUE,Didn'T Get Up To Pee,checkbox,,FALSE,,,,,,General,4,9,FALSE,,FALSE,2021-12-11,FALSE,
haircut,TRUE,Haircut,checkbox,,FALSE,,,,,,General,4,10,FALSE,,FALSE,2022-07-23,FALSE,
fingernails,TRUE,Fingernails,checkbox,,FALSE,,,,,,General,4,11,FALSE,,FALSE,2021-12-04,TRUE,"7, 30, 90, 365"
toenails,TRUE,Toenails,checkbox,,FALSE,,,,,,General,4,12,FALSE,,FALSE,2021-12-04,TRUE,"7, 30, 90, 365"
hemorroids,TRUE,Hemorroids,checkbox,,TRUE,,,,,,General,4,13,FALSE,,FALSE,2022-05-15,FALSE,
10k_steps,TRUE,10k Steps,checkbox,,FALSE,,,,,,Health,2,25,FALSE,,FALSE,2025-09-14,TRUE,"7, 30, 90, 365"
